<?xml version="1.0" encoding="UTF-8"?>
<CustomField xmlns="http://soap.sforce.com/2006/04/metadata">
    <fullName>Invoice__c</fullName>
    <externalId>false</externalId>
    <label>Invoice</label>
    <referenceTo>Invoice__c</referenceTo>
    <relationshipLabel>InvoiceLineItems</relationshipLabel>
    <relationshipName>InvoiceLineItems</relationshipName>
    <relationshipOrder>0</relationshipOrder>
    <reparentableMasterDetail>true</reparentableMasterDetail>
    <trackTrending>false</trackTrending>
    <type>MasterDetail</type>
    <writeRequiresMasterRead>false</writeRequiresMasterRead>
</CustomField>
